id,name,cat,category_name,assigned_class,set_name,spell_id,active,description
1472,Augmented Whirlwind,1,Class,WARRIOR,Fury Warrior,,0,Whirlwind has 100% chance to repeat itself.
930,Battering Ram,1,Class,WARRIOR,Furious Charge,,0,Furious Charge deals 50% increased damage when you damage an enemy for the first time during that charge.
1489,Concussive Force,1,Class,WARRIOR,Protection Warrior,,0,Increases damage of Concussion Blow by 17%. Increases damage of Concussion Blow by $1F1x of your block chance. Increases damage of Concussion Blow by $2F1x of your block value. Increases damage of Concussion Blow by 11% for each Sunder Armor stack on enemy.
931,Dreadnought,1,Class,WARRIOR,Furious Charge,,0,Increases damage done by $0f1% for each active perk while Furious Charge is active and for 5 seconds after that.
1474,Endless Rage,1,Class,WARRIOR,Fury Warrior,,0,"Your Berserk stacks can now go above maximum, but you start to take damage based on your total health for each stack above maximum. Damage taken from this perk is reduced by 0%."
929,Enduring Path,1,Class,WARRIOR,Furious Charge,,0,Furious Charge deals 5% increased damage for each second you spent charging.
1461,Executor,1,Class,WARRIOR,Arms Warrior,,0,Execute uses all rage and advances Rend by $0f1 seconds for each point of rage spent. This effect applies to all enemies within 8 yards.
932,Explosive Rush,1,Class,WARRIOR,Furious Charge,,0,"When Furious Charge ends, you cause an explosion for 100% melee damage as fire to all enemies within 15 yards."
1458,Grievous Wounds,1,Class,WARRIOR,Arms Warrior,,0,"Bladestorm, Mortal Strike and Overpower hits also apply Rend. If target already had Rend then the duration is increased by 6 seconds (up to 240 seconds). Extending Rend also generates 1 rage."
1462,Hit It Very Hard!,1,Class,WARRIOR,Arms Warrior,,0,"Increases damage of Mortal Strike and Overpower by 10% and an additional $1F1x of your melee haste, but the cooldown is increased by 8 seconds. The bonus damage effect of this perk is doubled if you have at least 2 active perks from this set."
1463,Hit It Very Much!,1,Class,WARRIOR,Arms Warrior,,0,Mortal Strike and Overpower hit up to 4 enemies within 8 yards. If there were no other enemies to hit then the damage is increased by 50% instead. If an enemy survives Mortal Strike or Overpower you have 100% chance to apply Deep Wounds. Increases damage of Bladestorm by 17%.
1465,Immortal Strike,1,Class,WARRIOR,Arms Warrior,,0,Mortal Strike also increases your healing taken by 25% and triggers Second Wind.
1473,Improved Bloodrage,1,Class,WARRIOR,Fury Warrior,,0,Bloodrage has infinite duration and its cooldown is reduced by 30 seconds. While out of combat Bloodrage generates an additional 4 rage. Increases maximum rage by 30.
294,Improved Bloodsurge,1,Class,WARRIOR,Fury Warrior,,0,"Bloodsurge has 100% chance to not be removed when you use Slam. While Bloodsurge is active, your regular melee hits have 15% chance to also Slam for free."
1487,Improved Damage Shield,1,Class,WARRIOR,Protection Warrior,,0,Damage Shield talent triggers when you are attacked in any way and can critically hit. Increases damage of Damage Shield talent by 50% and an additional $1F1x of your block chance.
1470,Improved Death Wish,1,Class,WARRIOR,Fury Warrior,,0,"Increase duration of Death Wish by 75%. If the duration of Death Wish exceeds its cooldown then it's infinite. Remove damage taken penalty from Berserker Stance, Death Wish and Rage perk."
302,Improved Devastate,1,Class,WARRIOR,Protection Warrior,,0,Devastate damage is increased by 66%. Devastate applies a debuff that causes the enemy to take 1% increased damage from you. This effect can stack up to 10 times but can not be applied more often than once every 10 seconds.
1459,Improved Rend,1,Class,WARRIOR,Arms Warrior,,0,Increases damage of Rend by 100%. Rend 75% health bonus is always active.
301,Improved Revenge,1,Class,WARRIOR,Protection Warrior,,0,Revenge damage is increased by 10% and reduces the remaining cooldown of Last Stand by $0f1 seconds. If Last Stand is not on cooldown then hit all enemies within 8 yards and deal more damage equal to $2F1x your shield block chance.
300,Improved Shield Slam,1,Class,WARRIOR,Protection Warrior,,0,Shield Slam's damage is increased by 50% and reduces the remaining cooldown of Shield Wall by $0f1 seconds. If Shield Wall is not on cooldown then hit all enemies within 8 yards and deal more damage equal to $2F1x your shield block chance.
70,Improved Shockwave,1,Class,WARRIOR,Protection Warrior,,0,You take 10% reduced damage for 15 seconds after using Shockwave.
1158,Improved Titan's Grip,1,Class,WARRIOR,Fury Warrior,,0,"Instead of reducing damage done, Titan's Grip increases damage done by 1% while having a two-handed weapon in one hand."
299,Improved Vigilance,1,Class,WARRIOR,Protection Warrior,,0,Vigilance reduces damage taken by an additional 10%. Your regular melee hits have 50% chance to strike all enemies within 8 yards. This effect requires Vigilance talent to be learned.
296,Improved Whirlwind,1,Class,WARRIOR,Fury Warrior,,0,Increases damage of Whirlwind by 10% for each active perk from this set. Increases damage of Bloodthirst by 33%.
927,Infernal Path,1,Class,WARRIOR,Furious Charge,,0,Furious Charge leaves behind a trail of fire that damages enemies for 10% melee damage as fire every 1 seconds.
1126,Reverberations,1,Class,WARRIOR,Protection Warrior,,0,After using Shockwave you heal for 30% of your maximum life over 15 seconds. During this time your block chance is increased by 11%.
1460,Sudden Death,1,Class,WARRIOR,Arms Warrior,,0,"Rend can critically hit. Sudden Death talent is always active, but Execute has 19 seconds cooldown. Your melee haste affects Bladestorm at $2F1x effectiveness."
1464,Taste for Blood,1,Class,WARRIOR,Arms Warrior,,0,If an enemy dies to Mortal Strike or Overpower then reset the cooldown of the other ability. Taste for Blood talent has 100% reduced cooldown. Increase damage of Bladestorm by 200%. Increase damage of Mortal Strike and Overpower by 50%.
1475,Tough as Nails,1,Class,WARRIOR,Fury Warrior,,0,You take less damage the lower your health (up to 15% damage reduction at 0% health).
1225,Baleful Deeds,2,Class,PALADIN,Oathbreaker,,0,"Increases damage of Shadow Nova by 25%, and radius by 1 yard. Shadow Nova is recast for free if any enemy dies from this ability (up to 3 times)."
989,Crusader's Might,2,Class,PALADIN,Retribution Paladin,,0,Crusader Strike has 33% chance to hit an additional time as holy damage. • Empowered: Chance is increased by $1F1x and an additional $1F1x for each offensive Retribution ability on cooldown.
973,Divine Providence,2,Class,PALADIN,Protection Paladin,,0,"Shield of Righteousness triggers 50% of your Holy Shield charges on the target (removal of charges can not be prevented by perks). Hammer of the Righteous has 100% chance to grant a Holy Shield charge. When your Blessing of Sanctuary triggers, you have 66% chance to gain a charge of Holy Shield. Additional charges are generated based on your melee haste bonus. Holy Shield can stack up to 50 when adding charges."
990,Divine Storm,2,Class,PALADIN,Retribution Paladin,,0,Divine Storm deals 10% increased damage. • Empowered: Deal 200% melee damage as holy to all enemies within 10 yards.
988,Executioner,2,Class,PALADIN,Retribution Paladin,,0,Offensive retribution abilities have 10% chance to allow the use of Hammer of Wrath regardless of enemy's health. Hammer of Wrath deals 33% more damage. • Empowered: Hammer of Wrath damage is multiplied by $1F1x.
278,Fist of Reckoning,2,Class,PALADIN,Protection Paladin,,0,Increases damage of Hand of Reckoning by 10%. Hand of Reckoning damages the enemy even if they are already attacking you.
1058,Focused Power,2,Class,PALADIN,Holy Paladin,,0,"Increases the size, damage and healing of the ray by 30%. The ray now follows the target, but you can only have 1 ray active at a time."
1224,Harvester of Sorrow,2,Class,PALADIN,Oathbreaker,,0,"When Nightmare Apparition deals damage, it heals you for $0H+35% SP. If you were already at full health, it deals 25% more damage instead."
279,Holy Fortitude,2,Class,PALADIN,Protection Paladin,,0,Holy Shield damage is increased by 17% of your block value. Holy Shield now triggers when you are attacked in any way.
282,Improved Avenger's Shield,2,Class,PALADIN,Protection Paladin,,0,Avenger's Shield damage increases enemy's damage taken by 10% for 20 seconds. Avenger's Shield damage and threat is increased by 100%. Avenger's Shield cooldown is reduced by 15 seconds.
1064,Improved Consecration,2,Class,PALADIN,Holy Paladin,,0,Increases damage of Consecration by 50% and it can critically hit. Your rays also cast Consecration whenever you do.
1060,Improved Divine Illumination,2,Class,PALADIN,Holy Paladin,,0,Your rays deal 15% more damage and healing while Divine Illumination is active. Your rays can not expire while Divine Illumination is active.
1062,Improved Exorcism,2,Class,PALADIN,Holy Paladin,,0,Reduces cast time of Exorcism by 100% and increases its damage by 100%. Your rays also cast Exorcism whenever you do.
1059,Improved Flash of Light,2,Class,PALADIN,Holy Paladin,,0,"Increases healing of Flash of Light by 100%. This bonus is lost whenever you use Flash of Light and gradually regained over 10 seconds. Using Flash of Light when the bonus is full also causes your rays to cast Flash of Light, unless you have the Purifying Light perk."
1063,Improved Holy Wrath,2,Class,PALADIN,Holy Paladin,,0,Increases radius of Holy Wrath by 50% and increases its damage by 200%. Holy Wrath works on targets other than demon and undead as well. Your rays also cast Holy Wrath whenever you do.
1124,Improved Seal of Light,2,Class,PALADIN,Protection Paladin,,0,Increases the amount you heal yourself with Seal of Light and Judgement of Light by 33%.
1220,Inevitable Doom,2,Class,PALADIN,Oathbreaker,,0,Increases damage of Mark of Ruin by 25%. When an enemy dies the remaining Marks of Ruin are transfered to another nearby enemy.
987,Judge,2,Class,PALADIN,Retribution Paladin,,0,Judgement causes your next 5 melee attacks to deal an additional 20% melee damage as holy. This effect can not happen more often than once every $3F1 second per target. • Empowered: Duration and charges multiplied by 3.
972,Mandate of Heaven,2,Class,PALADIN,Protection Paladin,,0,"Your Hammer of the Righteous, Avenger's Shield, Shield of Righteousness, Consecration and Hand of Reckoning deal 17% more damage if the enemy is not attacking someone else."
1222,Precise Aim,2,Class,PALADIN,Oathbreaker,,0,Increases damage of Shadow Lance by 33% and cooldown by 8 seconds. OR Reduces damage of Shadow Lance by 50% and cooldown by $3f1 seconds.
1061,Prismatic Light,2,Class,PALADIN,Holy Paladin,,0,"You now summon 2 rays at a time, but their duration, size, damage and healing is reduced by 50%."
1672,Purifying Light,2,Class,PALADIN,Holy Paladin,,0,Your rays deal increased damage equal to $0f2x of your spell haste bonus. Your rays no longer heal.
1223,Reap What You Sow,2,Class,PALADIN,Oathbreaker,,0,"When Nightmare Apparition expires it detonates, dealing 50% of the damage it caused to all enemies within 15 yards."
281,Righteous Anger,2,Class,PALADIN,Protection Paladin,,0,"Your Holy Shield deals 1% increased damage for each Holy Shield charge you gained during combat, up to 25 charges. Exiting combat clears this bonus."
280,Sanctuary,2,Class,PALADIN,Protection Paladin,,0,"When Blessing of Sanctuary triggers, it also heals for $0f1% of maximum health. You take 10% less damage when affected by Blessing of Sanctuary."
1219,Sealed Fate,2,Class,PALADIN,Oathbreaker,,0,Increases damage of Mark of Ruin by $0f1% per stack. Mark of Ruin no longer automatically detonates.
1221,Seeker of Death,2,Class,PALADIN,Oathbreaker,,0,"If the target dies to Shadow Lance, then it bounces to another nearby enemy (up to 5 times). If the target survives Shadow Lance place a damage over time effect for 50% of the original damage over 6 seconds."
991,Seraphim,2,Class,PALADIN,Retribution Paladin,,0,Reduces cooldown of Avenging Wrath by 20 seconds. Activating Avenging Wrath causes you to become Empowered with $1F1x stacks.
1226,Unholy Frenzy,2,Class,PALADIN,Oathbreaker,,0,Casting Shadow Shock without cooldown reduces the remaining cooldown of Shadow Lance by $0f1 second. Casting Shadow Shock with a cooldown causes it to deal 66% increased damage. Shadow Shock cooldown is increased by 8 seconds.
1374,Arcane Anomaly,3,Class,HUNTER,Marksman Hunter,,0,When using Chimera Shot with Viper Sting it now also causes Arcane Missiles to bombard the enemy. Increases damage of Arcane Missiles by 0%.
1283,Arcane Quiver,3,Class,HUNTER,Volley,,0,"Increase damage of Volley by 18%, this bonus is reduced by 3% each time it hits. Each enemy has its own bonus counter and the bonus can not be reduced below 0%. OR Increase damage of volley by 3% each time it hits, up to 18%. Each enemy has its own bonus counter."
1369,Barrage,3,Class,HUNTER,Marksman Hunter,,0,"Gain an effect based on ranged weapon type. • Bow: Arcane Shot criticals also apply the Piercing Shots effect and Arcane Shot deals 15% more damage. • Crossbow: Steady Shot deals 15% more critical damage. • Gun: Multi-Shot hits an additional 2 targets, has 4 yards increased radius and has $2f1 second lower cooldown."
126,Bonding,3,Class,HUNTER,Beastmaster Hunter,,0,"Your pet receives 66% more healing from you, and has 15% increased health regeneration from perks."
1370,Careful Aim,3,Class,HUNTER,Marksman Hunter,,0,"Steady Shot has 10 second cast time, but deals 500% increased damage. You can stop casting early to fire it for a fraction of the bonus, based on how long you spent casting."
1339,Cheer: Defensive,3,Class,HUNTER,Beastmaster Hunter,,0,You learn how to cheer your pet on. While using this cheer your pet takes 6% less damage. While using any cheer your pet takes 1% less damage.
1340,Cheer: Offensive,3,Class,HUNTER,Beastmaster Hunter,,0,You learn how to cheer your pet on. While using this cheer your pet deals 6% more damage. While using any cheer your pet deals 1% more damage.
1341,Cheer: Swiftness,3,Class,HUNTER,Beastmaster Hunter,,0,You learn how to cheer your pet on. While using this cheer your pet has 6% increased movement speed and their single target damaging abilities hit other nearby enemies as well. While using any cheer your pet has 1% increased movement speed.
1288,Deathly Arrows,3,Class,HUNTER,Volley,,0,Each Volley hit will use 2% of total health to add $0f1% of that amount to base damage. This effect is disabled when falling below 10% health.
1342,Dedication,3,Class,HUNTER,Beastmaster Hunter,,0,"Your pet gains 33% of your critical strike rating, dodge rating and armor penetration rating."
1285,Enchanted Arrows,3,Class,HUNTER,Volley,,0,Each Volley hit will use 2% of total mana to add $0f1% of that amount to base damage. This effect is disabled when falling below 10% mana.
1134,Explosive Blast,3,Class,HUNTER,Survival Hunter,,0,"Explosive Shot only deals one tick of damage, but the damage is increased by 45%."
1133,Explosive Charge,3,Class,HUNTER,Survival Hunter,,0,"Explosive Shot deals its damage only at the end or when enemy dies, has 10 yards radius, but the duration is increased by 4 seconds. Increases damage of Explosive Shot by 150%. This perk set will no longer automatically fire Explosive Shot."
1282,Focused Barrage,3,Class,HUNTER,Volley,,0,Select radius of Volley. Increase damage of Volley based on how small the radius is (up to 15% for smallest radius and 1% for largest radius).
129,Improved Bestial Wrath,3,Class,HUNTER,Beastmaster Hunter,,0,Increases the duration of Bestial Wrath by $0f1 seconds.
238,Improved Black Arrow,3,Class,HUNTER,Survival Hunter,,0,Increases damage of Black Arrow by 150%. Black Arrow periodic hits can critically hit.
240,Improved Shots,3,Class,HUNTER,Survival Hunter,,0,Each active perk from this set increases the damage of your shots by $0f1%.
239,Improved Traps,3,Class,HUNTER,Survival Hunter,,0,Your traps are placed at your target's location instead of yours. Fire traps attack power bonus is increased by 30% for each active perk from this set. Black Arrow also uses the last trap you used (not Concussive Trap).
1368,Lock and Load,3,Class,HUNTER,Marksman Hunter,,0,"Gain an effect based on ranged weapon type. • Bow: Auto Shot and Wild Quiver criticals can also trigger Piercing Shots talent at $0f1x effectiveness. • Crossbow: Your Auto Shot deals 90% reduced damage, but your manually used Shots deal 17% more damage. • Gun: Auto Shot hits all enemies within 12 yards of the target for 33% of normal damage."
1289,Marked for Death,3,Class,HUNTER,Volley,,0,Enemies affected by your Hunter's Mark take 15% more damage from Volley.
1371,Natural Grace,3,Class,HUNTER,Marksman Hunter,,0,Wild Quiver has $1F1x chance to trigger and 33% increased damage.
1372,Nether Ray Sting,3,Class,HUNTER,Marksman Hunter,,0,"You learn Nether Ray Sting, which combines Serpent Sting, Scorpid Sting and Viper Sting effects, and counts as all three. Increases damage of Serpent Sting by 100%."
1284,Obsidian Arrows,3,Class,HUNTER,Volley,,0,"Increase damage of Volley by 15%, this bonus is distributed evenly among all enemies hit."
1373,Poison Gas,3,Class,HUNTER,Marksman Hunter,,0,When using Chimera Shot with Scorpid Sting it now also causes a Poison Cloud at target for 50% of Chimera Shot's damage over 8 seconds.
237,Quick Recovery,3,Class,HUNTER,Survival Hunter,,0,Black Arrow and traps cooldown is reduced by $0f1 seconds. Increases damage of Black Arrow by 17%.
130,Recuperation,3,Class,HUNTER,Beastmaster Hunter,,0,Any healing you receive will also heal your pet for 10% of the amount. Regeneration perks count your pet as always having 90% or lower health.
1367,Sharpshooter,3,Class,HUNTER,Marksman Hunter,,0,Gain an effect based on ranged weapon type. • Bow: Multiplies the effect of Piercing Shots talent by $0f1x. • Crossbow: First 3 manually used Shots deal 17% more damage to an enemy. • Gun: Single target Shots have 100% chance to hit another (different) nearby enemy.
1286,Thrill of the Hunt,3,Class,HUNTER,Volley,,0,"Aspect of the Cheetah and Aspect of the Pack no longer cause you to become dazed. If you kill an enemy with Volley, the speed bonus of both aspects is increased by an additional 3% for 10 seconds."
1338,Training,3,Class,HUNTER,Beastmaster Hunter,,0,Increase the amount of armor and resistances your pet gains from you by 33%.
1287,Volatile Energies,3,Class,HUNTER,Volley,,0,Hitting an enemy with Arcane Shot will cause an Arcane Explosion after a delay. Arcane Explosion deals 17% of damage taken from Volley within that time.
41,Alchemist,4,Class,ROGUE,Assassination Rogue,,0,"Whenever you add combo points to your target, you have 33% chance to apply poison from each weapon."
252,Augmented Shadowstep,4,Class,ROGUE,Subtlety Rogue,,0,Increases the range of Shadowstep by 3 and the damage effect by an additional 5%. The damage effect has 60% chance to not be removed when you use an ability.
1161,Bleeding Flurry,4,Class,ROGUE,Combat Rogue,,0,Rupture is affected by $0f2x of your melee attack speed bonus while Blade Flurry is active.
1162,Debilitation,4,Class,ROGUE,Combat Rogue,,0,Your finishing moves deal $0f1% more damage to enemies affected by your Expose Armor or Rupture (each).
254,Deflection,4,Class,ROGUE,Subtlety Rogue,,0,Your manually activated abilities deal 15% more damage while stealthed or invisible and for 3 seconds after.
253,Duplicity,4,Class,ROGUE,Subtlety Rogue,,0,Increases the duration of all stealth or invisibility perk effects by $0f1 second. OR Set duration of recently stealthed to $1F1 seconds. This effect is applied last.
1031,Grenade Launcher Turret,4,Class,ROGUE,Tinker,,0,"When you enter combat you place a Grenade Launcher Turret that fires frost grenades at nearby enemies. Increases damage of this turret by 0%. Grenade deals $1L+$2F2xAP frost damage to all enemies within 15 yards of the target, slows them and deals $3F2x of the damage every 1 second for 6 seconds."
1503,Hack and Slash,4,Class,ROGUE,Subtlety Rogue,,0,"While recently stealthed bonus is active, damage you deal leaves the enemy wounded. When recently stealthed bonus is no longer active, the enemy bleeds for 50% of the total damage done over 60 seconds (affected by your melee haste). Reactivating recently stealthed bonus will clear this effect."
246,Improved Blade Flurry,4,Class,ROGUE,Combat Rogue,,0,"Blade Flurry has infinite duration, but reduces energy regeneration by 50% while active."
176,Improved Hunger for Blood,4,Class,ROGUE,Assassination Rogue,,0,Multiplies effect of Hunger for Blood by $0f1x.
175,Improved Mutilate,4,Class,ROGUE,Assassination Rogue,,0,Your Mutilate ability has 33% additional chance to apply poison from each weapon.
250,Improved Premeditation,4,Class,ROGUE,Subtlety Rogue,,0,Premeditation increases your next damage and all damage 20 seconds after that by 20%. This bonus only applies to your Premeditated target.
1017,Improved Riposte,4,Class,ROGUE,Combat Rogue,,0,Riposte can be used at any time and awards an additional 1 combo point. Riposte has 100% chance to perform a regular melee hit.
177,Improved Rupture,4,Class,ROGUE,Assassination Rogue,,0,Your Rupture ticks have 33% chance to apply poisons from each weapon.
251,Improved Shadowstep,4,Class,ROGUE,Subtlety Rogue,,0,Using Shadowstep on an enemy has 100% chance to perform a free Ambush with 10% increased damage. This Ambush counts as manually activated. Cooldown of Shadowstep is reset when killing an enemy.
174,Invigoration,4,Class,ROGUE,Assassination Rogue,,0,Every 3 seconds you generate 5 energy if you applied poison within that time.
249,Killing Spree,4,Class,ROGUE,Combat Rogue,,0,"Killing Spree is affected by $0f2x of your melee haste. Whenever you add combo points during Killing Spree, you will also use a free Eviscerate on that target."
1699,Kinetic Energy,4,Class,ROGUE,Tinker,,0,Spending energy increases damage of turrets by $0f2% for each point spent for 10 seconds.
1032,Lightning Turret,4,Class,ROGUE,Tinker,,0,When you enter combat you place a Lightning Turret that shocks nearby enemies. Increases damage of this turret by 0%. Shock deals $1L+$2F2xAP nature damage and can affect up to 3 targets.
1029,Machine Gun Turret,4,Class,ROGUE,Tinker,,0,When you enter combat you place a Machine Gun Turret that rapidly fires at nearby enemies. Increases damage of this turret by 0%. Bullet deals $1L+$2F2xAP physical damage.
1698,Overclock,4,Class,ROGUE,Tinker,,0,"You learn how to overclock your turrets using Engineering parts. While overclocked your turrets have 16% increased damage, range and attack speed."
1030,Rocket Launcher Turret,4,Class,ROGUE,Tinker,,0,When you enter combat you place a Rocket Launcher Turret that fires rockets at nearby enemies. Increases damage of this turret by 0%. Rocket deals $1L+$2F2xAP fire damage to all enemies within 8 yards of the target.
1501,Shadowstep Clone,4,Class,ROGUE,Subtlety Rogue,,0,"Your Shadowstep no longer teleports you, but creates a Shadow Clone that teleports to the target instead. If the target dies from this, the Shadow Clone will Shadowstep to another nearby enemy (up to 1 time)."
1018,Trauma,4,Class,ROGUE,Combat Rogue,,0,Increases bleeding damage done by 15%. Eviscerate increases the remaining duration of Rupture by 4 seconds (up to maximum duration).
245,Tricks,4,Class,ROGUE,Combat Rogue,,0,Your regular melee hits have 15% chance to use a free Backstab or Sinister Strike.
1697,Turret Focus,4,Class,ROGUE,Tinker,,0,"You turrets deal 10% increased damage and attack 10% faster for each of Grenade Launcher, Rocket Launcher, Machine Gun and Lightning Turret that you didn't pick."
1033,Turret Specialist,4,Class,ROGUE,Tinker,,0,"Pick one specialization from options below: Machine Gun Turret gains 1% increased damage whenever it damages an enemy, stacks up to 50 times. Rocket Launcher Turret damage and radius is increased by 17%. Grenade Launcher Turret initial damage is increased by 33%. Lightning Turret attacks 17% faster."
1502,Vanish Clone,4,Class,ROGUE,Subtlety Rogue,,0,Vanish leaves behind a Shadow Clone that distracts enemies for 10 seconds. Reduces the cooldown of Vanish by 10 seconds.
1019,Weak Spot,4,Class,ROGUE,Combat Rogue,,0,While Killing Spree is on cooldown all abilities that add combo points add 1 additional combo point. Killing Spree strikes are replaced by Sinister Strike or Backstab. You deal 10% more damage while Killing Spree is active.
134,Absolution,5,Class,PRIEST,Discipline Priest,,0,Penance heals for $0f1% more. Penance has 100% chance to hit more than once when dealing damage from a manual cast. Penance deals 100% more damage when dealing damage from Divine Purpose perk.
950,Astral Projection,5,Class,PRIEST,Wandering Spirits,,0,Increases the maximum distance from you that Wandering Spirits can exist by 5 yards.
1094,Chain Reaction,5,Class,PRIEST,Shadow Priest,,0,Your Mind Blast has 33% chance to replicate itself on a random enemy. This replication does not produce an additional Remnant of Shadow.
1090,Disciple of C'Thun,5,Class,PRIEST,Shadow Priest,,0,Your Mind Flay and Mind Sear now create an eyestalk that casts the spell with 15% increased damage instead. You can only have 1 eyestalk at a time. The eyestalk is not considered a pet.
1052,Divine Guardian,5,Class,PRIEST,Discipline Priest,,0,Perks that increase absorb shield effectiveness on yourself also apply to absorb shields you create on others. Increase duration of Power Word: Shield by 30% when cast on others.
1051,Divine Punishment,5,Class,PRIEST,Discipline Priest,,0,"Reduces armor and resistances by 99%, you can no longer avoid attacks and they are always critical hits if possible. Taking lethal damage restores you to 75% of your health and disables this perk effect for 300 seconds."
1053,Divine Purpose,5,Class,PRIEST,Discipline Priest,,0,You fire two Penance projectiles at different nearby targets every $0f1 seconds (affected by your casting speed). This can't target yourself.
1022,Empowered Holy Nova,5,Class,PRIEST,Holy Priest,,0,"Every 3 seconds increase the damage of your next Holy Nova by 33% and radius by 1 yard, stacks up to 10 times."
1091,Encroaching Darkness,5,Class,PRIEST,Shadow Priest,,0,"Increases damage of Shadow Word: Pain, Vampiric Touch and Devouring Plague by 20% each tick, but they can no longer benefit from haste."
1021,Guardian Angel,5,Class,PRIEST,Holy Priest,,0,"Increases duration of Guardian Spirit by 6 seconds. Multiplies duration of Guardian Spirit by $1F1x when cast on yourself. If Guardian Spirit is removed because it triggered then the remaining cooldown is reduced by half, otherwise the cooldown is reset."
1095,Harbinger,5,Class,PRIEST,Shadow Priest,,0,Your Shadow Word: Death hits all enemies within 6 yards of the target and deals 66% more damage. These extra hits do not produce an additional Remnant of Shadow.
1428,Improved Lightwell,5,Class,PRIEST,Holy Priest,,0,"Reduce cooldown and duration of Lightwell by 2 minutes. Lightwell can no longer be clicked on, but it casts Circle of Healing every $0f1 seconds."
138,Improved Penance,5,Class,PRIEST,Discipline Priest,,0,Penance deals 50% more damage and has 10% chance to apply Power Word: Shield on an eligible friendly target.
137,Improved Power Infusion,5,Class,PRIEST,Discipline Priest,,0,Reduces the cooldown of Power Infusion by 30 seconds. Power Infusion increases the magic damage of target by 20%.
259,Improved Prayer of Mending,5,Class,PRIEST,Holy Priest,,0,Prayer of Mending heals 50% more. Prayer of Mending will automatically trigger after 3 seconds if no damage was taken.
135,Improved Shield,5,Class,PRIEST,Discipline Priest,,0,Each active perk from this set increases the effectiveness of your Power Word: Shield by $0f1%.
951,Incorporeal Affinity,5,Class,PRIEST,Wandering Spirits,,0,Increases the duration of each Wandering Spirit by 10% for each active perk from this set.
1427,Inspire: Strength,5,Class,PRIEST,Holy Priest,,0,"If you cast a damaging priest spell with empowered stacks from the perk set, then you inspire your allies and they get 3% increased damage done for each empowered stack spent. Duration is 10 seconds."
1426,Inspire: Swiftness,5,Class,PRIEST,Holy Priest,,0,"If you have moved for at least 2 seconds, then you inspire your other allies and they get 10% increased movement speed. This effect does not work while in combat."
1092,Persistence,5,Class,PRIEST,Shadow Priest,,0,"Your Shadow Word: Pain, Vampiric Touch and Devouring Plague also cause you to get a Remnant of Shadow when they expire naturally, this Remnant deals all of its damage at once. Increases non-channeled shadow damage over time effects by 10%."
952,Psychic Endurance,5,Class,PRIEST,Wandering Spirits,,0,You take 5% less damage while Fade is active or you have an active Wandering Spirit.
949,Psychic Surge,5,Class,PRIEST,Wandering Spirits,,0,"When you activate Fade, you also instantly summon $0f1 Wandering Spirit."
140,Rapture,5,Class,PRIEST,Discipline Priest,,0,All your nearby Power Word: Shields share their amount from a pool. Increases effectiveness of Power Word: Shield by $0f1%.
1096,Shadow Eruption,5,Class,PRIEST,Shadow Priest,,0,Whenever you gain a Remnant you also cause an explosion of shadow at the target's location for $0l+50% SP damage within 10 yards.
1025,Shared Life,5,Class,PRIEST,Holy Priest,,0,"Guardian Spirit increases the target's spell power by 15% of your holy spell power, and attack power by 25% of your holy spell power."
1097,Shroud,5,Class,PRIEST,Shadow Priest,,0,Increases Remnant of Shadow's damage by 10%.
1093,Spreading Misery,5,Class,PRIEST,Shadow Priest,,0,"If an enemy dies with your Shadow Word: Pain, Vampiric Touch or Devouring Plague on them, the spell moves to another enemy within 20 yards without refreshing its duration. You deal 10% increased direct shadow damage against enemies affected by any of these three spells."
1711,Surge of Light,5,Class,PRIEST,Holy Priest,,0,Surge of Light talent effect is instantly consumed to automatically fire a Smite at a nearby enemy for 33% increased damage.
948,Vengeful Spirits,5,Class,PRIEST,Wandering Spirits,,0,"While in combat, summon a Wandering Spirit every $0f1 seconds."
123,Affliction,6,Class,DEATHKNIGHT,Unholy Death Knight,,1,Increases damage of your diseases by 50%.
1523,Battle Preparations,6,Class,DEATHKNIGHT,Blood Death Knight,,0,"Spending runes has an effect, • Blood: The next time you are attacked, deal 10% AP physical damage to the attacker. • Frost: Generate 5 Runic Power and cause Frost Fever of a random nearby enemy to deal 1 ticks worth of damage. • Unholy: Increase damage of your next Death and Decay by 10%. Death Runes count as all three."
1537,Chill of the Grave,6,Class,DEATHKNIGHT,Frost Death Knight,,0,Deathchill also increases the damage of the affected ability by 25%.
1520,Corruption Engine,6,Class,DEATHKNIGHT,Blood Death Knight,,0,"Whenever you reach 90 Runic Power, consume 80 Runic Power to convert one of your normal Runes into a Death Rune. When this effect triggers reduce the remaining cooldown of a random Rune by $2f1 seconds."
1512,Dark Gift,6,Class,DEATHKNIGHT,Undead Army,,0,Skeletons now cause a Corpse Explosion if they die to anything else. Skeletons leave behind a cloud of poison that deals 50% of Corpse Explosion's damage over 10 seconds.
1510,Explosive Return,6,Class,DEATHKNIGHT,Undead Army,,0,Skeletons blown up with Corpse Explosion will resummon themselves after 30 seconds (affected by your melee attack speed). Increase damage of Corpse Explosion by 17%.
835,Ferocious Dead,6,Class,DEATHKNIGHT,Undead Army,,0,Increase the amount of stats your skeletons get from you by 20%.
1538,Glacier Rot,6,Class,DEATHKNIGHT,Frost Death Knight,,0,"Enemies affected by your Frost Fever take 10% increased damage from your Howling Blast, Frost Strike and Obliterate."
1529,Howling Winds,6,Class,DEATHKNIGHT,Frost Death Knight,,0,Howling Blast has 33% increased damage and 1 yard increased radius. $t2196f3Lich Form: Double both bonuses.
320,Improved Dancing Rune Weapon,6,Class,DEATHKNIGHT,Blood Death Knight,,0,Increases the duration of Dancing Rune Weapon by $0f1 seconds. Reduces cost of Dancing Rune Weapon by 100%.
122,Improved Hysteria,6,Class,DEATHKNIGHT,Blood Death Knight,,0,"Cooldown of Hysteria is reduced by 40%. Instead of dealing damage Hysteria heals for 50% of the amount. If the duration of Hysteria exceeds the cooldown when cast on yourself, then it's duration is infinite."
847,Improved Scourge Strike,6,Class,DEATHKNIGHT,Unholy Death Knight,,1,"Scourge Strike increases your damage done with damage over time effects by 10% for 20 seconds. Scourge Strike deals 33% more damage and applies Frost Fever and Blood Plague, if the enemy does not already have them."
53,Improved Unholy Runes,6,Class,DEATHKNIGHT,Unholy Death Knight,,1,You deal 17% increased damage with damage over time effects while you have no Unholy Runes and no Death Runes and for 5 seconds after that.
1521,Layered Runes,6,Class,DEATHKNIGHT,Blood Death Knight,,0,"Spending runes has an effect, • Blood: 50% chance to cast Blood Boil for free. • Frost: 50% chance to cast a free Icy Touch at a random nearby enemy. • Unholy: 50% chance to cast a free Death Coil at a random nearby enemy. Death Runes count as all three."
1519,Living Weapon,6,Class,DEATHKNIGHT,Blood Death Knight,,0,Dancing Rune Weapon summons an additional 1 weapon and the damage penalty is reduced by 33%.
1533,Mark of Frost,6,Class,DEATHKNIGHT,Frost Death Knight,,0,"Learn an ability that causes an enemy to take 1% increased frost damage from you for each stack. Has 11 stacks, dealing frost damage removes one stack. $t2196f3Lich Form: Stacks are doubled."
1511,Pile of Bones,6,Class,DEATHKNIGHT,Undead Army,,0,Increases the radius of Corpse Explosion by 1 yard and the damage by 17%. Remove the cost and cooldown of Corpse Explosion.
1532,Pillar of Ice,6,Class,DEATHKNIGHT,Frost Death Knight,,0,Learn an ability that conjures a pillar of ice to fall on the target enemy. Increases damage by 17% and size by 10% every 6 seconds that you didn't use this ability (up to 10 times). $t2196f3Lich Form: Every 3 seconds instead.
836,Raise Ally,6,Class,DEATHKNIGHT,Undead Army,,0,"If you have less than the maximum number of skeletons, summon another. This can not happen more often than once every 180 seconds, and requires at least one skeleton."
1536,Rapid Deathchill,6,Class,DEATHKNIGHT,Frost Death Knight,,0,"Duration of Deathchill is set to 10 seconds, but is no longer consumed. While Deathchill is active spending a Frost Rune or Rime proc increases the remaining duration by 3 seconds. Spending a Frost Rune or Rime proc reduces the remaining cooldown by 10 seconds. Multiply proc chance of Rime by $3f1x."
319,Rapid Strikes,6,Class,DEATHKNIGHT,Blood Death Knight,,0,Spending runes reduce the cooldown of Dancing Rune Weapon by $0f1 seconds. Multiplies healing of Rune Tap by $1f2x.
1530,Relentless Winter,6,Class,DEATHKNIGHT,Frost Death Knight,,0,Learn an ability that surrounds you with an effect that deals frost damage to nearby enemies. Increases damage of this ability by 0%. $t2196f3Lich Form: Each stack of Relentless Winter also increases your movement speed by 2%.
1531,Remorseless Winter,6,Class,DEATHKNIGHT,Frost Death Knight,,0,Learn a channeled ability that deals increasing amount of frost damage to nearby enemies. Increases damage of this ability by 0%. $t2196f3Lich Form: Reduce casting time of this ability by 30%.
1513,Rigor Mortis,6,Class,DEATHKNIGHT,Undead Army,,0,"You can only have one skeleton, but the damage of Corpse Explosion is increased by 25% for each missing skeleton."
1522,Rune Mastery,6,Class,DEATHKNIGHT,Blood Death Knight,,0,"Spending runes has an effect, • Blood: Heal for $0f1% of your maximum health. • Frost: Cast Frost Nova after 8 seconds. Increase damage of Frost Nova by 0%. • Unholy: Your next 2 auto attacks cause an additional 30% damage as shadow. Death Runes count as all three."
837,Shared Life,6,Class,DEATHKNIGHT,Undead Army,,0,Your self healing also heals the lowest health skeleton for 10% of the amount. Your self healing also energizes the lowest mana skeleton for 30% of the amount.
838,Skeleton Mastery,6,Class,DEATHKNIGHT,Undead Army,,0,Your tanking skeletons cause 30% more threat and take 5% reduced damage. Your damage dealing skeletons deal 5% more damage. Your healing skeletons heal 5% more.
55,Tough Shell,6,Class,DEATHKNIGHT,Unholy Death Knight,,1,Anti-Magic Shell maximum absorb amount is increased by an additional 5% and the duration is increased by 15 seconds. Anti-Magic Shell cooldown is doubled and it no longer restores Runic Power. Bone Shield duration is increased by 25 minutes and can not lose a charge more often than once every 10 seconds.
846,Unholy Infestation,6,Class,DEATHKNIGHT,Unholy Death Knight,,1,Learn a new disease that gets applied whenever you apply Blood Plague. Unholy Infestation is affected by talents and effects that modify Blood Plague. Increase duration of your diseases by 9 seconds.
1202,Ancestral Fortitude,7,Class,SHAMAN,Summoner,,0,• Air Elemental: Become invisible when out of combat. Deals 20% more damage while invisible and for 3 seconds after. • Fire Elemental: Grow 5% bigger every 5 seconds of combat (for increased damage). Caps at 10%. • Earth Elemental: Learn Boulder Throw which deals increased physical damage after each use. • Water Elemental: While in combat drain increasing amount of mana from Shaman to give all allies 5% damage reduction. Exhausting mana disables effect until full.
1388,Ball Lightning,7,Class,SHAMAN,Elemental Conflux,,0,"You can turn yourself into Ball Lightning for 5 seconds, increasing your movement speed by 25% and dealing 17% of your spell power as lightning damage to nearby enemies. • Lightning Conflux: Increase both effects by $3F1x for each stack."
1677,Charged Call,7,Class,SHAMAN,Restoration Shaman,,0,Consuming Riptide with Chain Heal will heal 100% of the remaining amount of Riptide. Periodic heals from Riptide can critically hit.
1387,Cloudburst,7,Class,SHAMAN,Elemental Conflux,,0,"Your Thunderstorm spell is centered around a random nearby enemy instead of you and repeats itself 4 times for 66% increased damage, but it no longer knocks back enemies or restores mana. Reduces cooldown of Thunderstorm by 20 seconds. • Lightning Conflux: Damage of Thunderstorm is increased by 100% for each stack."
1197,Earthen Power,7,Class,SHAMAN,Summoner,,0,• Air Elemental: Increase critical strike damage by 5%. • Fire Elemental: Increase fire damage by 5%. • Earth Elemental: Increase maximum health by 15%. • Water Elemental: Increase healing by 5%.
1195,Elemental Focus,7,Class,SHAMAN,Summoner,,0,• Air Elemental: Can teleport to target up to 20 yards away. • Fire Elemental: Fire damage ignites enemies for an additional 20% fire damage over 8 seconds. • Earth Elemental: Shatter into two smaller pieces on death that last for 8 seconds. • Water Elemental: Casting a healing spell also causes Water Elementals to fire a Water Bolt at a nearby enemy.
1198,Elemental Grace,7,Class,SHAMAN,Summoner,,0,"• Air Elemental: Melee attacks have 35% chance to cause a Windfury Hit. • Fire Elemental: When an elemental or the Shaman gets hit with a melee attack, deal fire damage to attacker. • Earth Elemental: Hit that would kill instead heals to 50% and reduces damage taken. 120 seconds cooldown. • Water Elemental: When an elemental or the Shaman gets hit with a melee attack, they take a small amount of healing."
1200,Elemental Weapons,7,Class,SHAMAN,Summoner,,0,• Air Elemental: Gather a static charge every 5 seconds (caps at 10). Unleash all when you use Wind Shear. • Fire Elemental: Cast Elemental Mastery to split your Fire Elemental into four embers that last 10 seconds. • Earth Elemental: Cast Earth Shock to cause an Earthquake. Earth Shock cooldown is increased. • Water Elemental: Cast Tidal Force to heal all allies for 50% of maximum health and reduce their damage taken by 10% for 10 seconds.
1607,Enhanced Abilities,7,Class,SHAMAN,Enhance Shaman,,0,Learn a new ability that causes various area effects based on your Elemental Weapon enchants and has 50% chance to cause an elemental weapon proc. Increases damage of this ability and Elemental Weapon procs from this ability by another 0%.
1606,Enhanced Attacks,7,Class,SHAMAN,Enhance Shaman,,0,Every $0f1 x attack speed seconds you will cause an additional regular melee hit on 1 nearby enem$2y within 10 yards.
1605,Enhanced Lava Lash,7,Class,SHAMAN,Enhance Shaman,,0,Lava Lash hits all enemies within 8 yards and has 50% chance to cause an Elemental Weapon proc from off-hand weapon. The damage of Elemental Weapon procs from Lava Lash is further increased by 0%.
1603,Enhanced Shocks,7,Class,SHAMAN,Enhance Shaman,,0,Your shock spells also have 50% chance to cause an Elemental Weapon proc of the same element. The damage of Elemental Weapon procs from shock spells is further increased by 0%.
1610,Enhanced Spirits,7,Class,SHAMAN,Enhance Shaman,,0,Regular melee attacks from Spirit Wolves can also proc your Elemental Weapon enchants. The damage of Elemental Weapon procs from Feral Spirit is further increased by 0%. Spirit Wolves can no longer heal.
1604,Enhanced Stormstrike,7,Class,SHAMAN,Enhance Shaman,,0,Stormstrike has 50% chance to cause an Elemental Weapon proc from both weapons. The damage of Elemental Weapon procs from Stormstrike is further increased by 0%.
1608,Enhanced Weapons,7,Class,SHAMAN,Enhance Shaman,,0,"After consuming 10 stacks of Maelstrom Weapon, reduce the remaining cooldown of Shamanistic Rage by $0f1 seconds."
1609,Enhanced Wolves,7,Class,SHAMAN,Enhance Shaman,,0,Reduce cooldown of Feral Spirit by 75%. The Spirit Wolves summoned by this ability also get $0f2x of your melee haste bonus and $2f2x of your critical hit chance.
1394,Fire Orb,7,Class,SHAMAN,Elemental Conflux,,0,You can create a slow moving Fire Orb that deals damage to nearby enemies for 17% of your spell power. • Fire Conflux: Fire Orb deals 100% more damage for each stack.
1392,Fire Tornado,7,Class,SHAMAN,Elemental Conflux,,0,You can create a Fire Tornado that moves around randomly and damages nearby enemies for 10% of your spell power. • Fire Conflux: Increases size by 50% and damage by 100% for each stack.
1393,Fury of Flame,7,Class,SHAMAN,Elemental Conflux,,0,Lava Burst also sets enemies on fire for 50% of its damage over 15 seconds. Lava Burst deals 50% more damage. • Fire Conflux: Increases damage of Lava Burst by 25% for each stack.
1682,Haunting Visions,7,Class,SHAMAN,Restoration Shaman,,0,"Ancestral Awakening deals 17% more damage, but no longer heals."
1683,Healing Rain,7,Class,SHAMAN,Restoration Shaman,,0,Increase speed of Riptide periodic ticks by 66% without lowering its duration.
1680,Improved Shields,7,Class,SHAMAN,Restoration Shaman,,0,Earth Shield reduces damage taken by 3% and increases healing taken by 3%. Water Shield increases mana cost of healing spells by 100% and their effectiveness by 5%. Lightning Shield increases running speed while Riptide is active by 1%. Your shield spells no longer consume charges.
1679,Invocation of Nature,7,Class,SHAMAN,Restoration Shaman,,0,"Whenever Earthliving is applied to yourself or ticks on yourself, you reduce the remaining cooldown of Nature's Swiftness by $0f1 seconds."
1678,Lightning Bloom,7,Class,SHAMAN,Restoration Shaman,,0,Your global cooldowns are reduced by 25% while Nature's Swiftness is active. Duration of Nature's Swiftness is set to 6 seconds and no longer uses charges.
1389,Lightning Rod,7,Class,SHAMAN,Elemental Conflux,,0,Your manually cast Chain Lightning creates a Lightning Rod at first target for 3 seconds. The Lightning Rod casts Chain Lightning every second at 11% effectiveness. • Lightning Conflux: Chain Lightning and Lightning Rod deal 100% more damage for each stack.
1196,Nature's Blessing,7,Class,SHAMAN,Summoner,,0,Increase movement speed of the Shaman by $0f1% for each Air Elemental. Increases damage done by elementals and the Shaman by $1f1% for each Fire Elemental. Reduces damage taken by elementals and the Shaman by $2f1% for each Earth Elemental. Combine the three above effects and apply to all nearby allies for each Water Elemental.
1681,Spirit Echo,7,Class,SHAMAN,Restoration Shaman,,0,"Every 3 seconds, if you dealt damage with Ancestral Awakening you apply a stack of Bloodlust or Heroism on all nearby party and raid members, otherwise you lose a stack. Each stack increases melee, ranged and casting speed by 3%. Stacks up to 1 time. Bloodlust and Heroism can no longer be manually cast."
1201,Spiritual Mastery,7,Class,SHAMAN,Summoner,,0,• Air Elemental: Deals 17% more damage for the first 10 seconds of combat. • Fire Elemental: Deals more damage when target has less health remaining (up to 17% more damage). • Earth Elemental: Deals 10% more damage when target is immune to stun. • Water Elemental: Target takes $3f1% less physical damage after receiving healing from elemental.
1390,Storm Cloud,7,Class,SHAMAN,Elemental Conflux,,0,You can call a Storm Cloud to strike your enemies with lightning for 30% of your spell power. • Lightning Conflux: Increases damage of cloud by 100% for each stack.
1199,Unrelenting Storm,7,Class,SHAMAN,Summoner,,0,• Air Elemental: Zap a nearby enemy every $0f1 seconds. • Fire Elemental: Cast Fire Nova every $1f1 seconds. • Earth Elemental: Cause an Earth Rumble every $2f1 seconds dealing damage. • Water Elemental: Heal all nearby allies within 20 yards every $3f1 seconds. These four effects are affected by 50% of your haste.
1676,Voltaic Burst,7,Class,SHAMAN,Restoration Shaman,,0,When your Chain Heal consumes Riptide all targets healed will get 10% increased attack and cast speed for 10 seconds.
1391,Wall of Fire,7,Class,SHAMAN,Elemental Conflux,,0,You can send forward a Wall of Fire that damages all enemies in its path for 125% of your spell power. • Fire Conflux: Increases size by 50% and damage by 100% for each stack.
1585,Arcane Attunement,8,Class,MAGE,Arcane Surge,,0,"Increase both effects of Arcane Power by an additional 1%. $t2196f3Arcane Potency: While Arcane Power is on cooldown, consume a stack of Arcane Potency to reduce the remaining cooldown by 30 seconds."
1586,Arcane Bombardment,8,Class,MAGE,Arcane Surge,,0,"Arcane Missiles becomes a toggleable ability. While this is active, the frequency of Arcane Missiles is slowed by 200%. $t2196f3Arcane Potency: Consume one stack to fire 5 missiles instead. This can not happen more often than once every 3 seconds."
1580,Arcane Presence,8,Class,MAGE,Arcane Surge,,0,"Presence of Mind increases the damage of your next arcane mage damaging spell by $0f1% for each stack of Arcane Surge. $t2196f3Arcane Potency: When activating Presence of Mind, consume one stack of Arcane Potency to increase Arcane Surge stacks by 20."
1583,Arcane Subtlety,8,Class,MAGE,Arcane Surge,,0,Increase damage of Arcane Barrage by 6% for each second added to its cooldown. You can choose to increase the cooldown of Arcane Barrage in the options below. $t2196f3Arcane Potency: Consume one stack of Arcane Potency to multiply damage of Arcane Barrage by $1F1x.
1419,Augmented Deep Freeze,8,Class,MAGE,Frost Mage,,0,Increases damage of Deep Freeze by 100%. Deep Freeze no longer requires target to be immune to stun to deal its damage. Deep Freeze can be used regardless of whether enemy is chilled or not.
267,Augmented Icy Veins,8,Class,MAGE,Frost Mage,,0,Cooldown of Icy Veins is reduced by 100 seconds. Icy Veins is permanent if you have maximum rank of this perk and Ice Floes talent.
1584,Chain Explosion,8,Class,MAGE,Arcane Surge,,0,"Increase damage of Arcane Explosion by 33% and radius by 1 yard, but it now has a cooldown of 8 seconds. $t2196f3Arcane Potency: Consume one stack to repeat Arcane Explosion at a random nearby enemy's location. Repeated cast costs mana."
1120,Dragon's Fire,8,Class,MAGE,Fire Mage,,0,Your Dragon's Breath leaves Dragon's Fire on the ground for 16 seconds. Increases damage of Dragon's Fire by 20%.
1117,Empowered Flames,8,Class,MAGE,Fire Mage,,0,Impact causes Fire Blast to deal 33% more damage. Firestarter causes Flamestrike to deal 50% more damage. Hot Streak causes Pyroblast to deal 10% more damage.
1113,Explosive Impact,8,Class,MAGE,Fire Mage,,0,Living Bomb explosion damage is increased by 50%.
772,Flamebringer,8,Class,MAGE,Mirror Images,,0,Your Mirror Images deal 20% more fire damage.
1581,Focused Magic,8,Class,MAGE,Arcane Surge,,0,Focus Magic can be cast on an enemy. If you do then it creates an area of arcane magic that consumes mana to deal arcane damage to enemies within the area every 1 seconds. Dealing damage with this ability also grants a stack of Arcane Surge. Increase damage of this ability by 0%. $t2196f3Arcane Potency: Consume one stack to increase the frequency of damage dealt by 100%.
1597,Hallucinations,8,Class,MAGE,Mirror Images,,0,Your Mirror Images can teleport every $0f1 seconds.
1596,Hivemind,8,Class,MAGE,Mirror Images,,0,"Your Mirror Images will autonomously search out enemies to attack up to 40 yards away from you, but get weaker beyond 40 yards."
771,Illusion of Choice,8,Class,MAGE,Mirror Images,,0,Your Mirror Images deal 20% more arcane damage.
268,Improved Deep Freeze,8,Class,MAGE,Frost Mage,,0,While Deep Freeze is on cooldown all your other frost damage has 20% chance to cast a free Frostbolt or Ice Lance.
266,Improved Frost Ward,8,Class,MAGE,Frost Mage,,0,While Frost Ward is active your damage taken is reduced by $0f1%. Duration of Frost Ward is increased by 1770 seconds.
265,Improved Frostbolt,8,Class,MAGE,Frost Mage,,0,"When your Frostbolt or Ice Lance hits a frozen target, there is 17% chance that it will bounce to another nearby enemy. This can not happen more than 3 times from a single cast."
405,Improved Ice Barrier,8,Class,MAGE,Frost Mage,,0,Increases absorb effectiveness of Ice Barrier by 33%. Increases duration of Ice Barrier by 9 minutes and cooldown by 1 minute.
1582,Lost in Time,8,Class,MAGE,Arcane Surge,,0,"Enemies you have slowed also take arcane damage every $0f1 seconds equal to 3% of your arcane spell power. This period is affected by your spell casting speed. If the enemy dies while this debuff is active, then it will transfer to another nearby enemy without refreshing its duration. $t2196f3Arcane Potency: Consume one stack to refresh the duration of Slow and increase the damage of the ability by 100%. This can not trigger more often than once every 3 seconds."
1579,Mana Battery,8,Class,MAGE,Arcane Surge,,0,Your mana gem restores an additional 20% of maximum mana and has infinite charges. $t2196f3Arcane Potency: Consume one stack to restore 100% of maximum mana and health over 10 seconds when using a Mana Gem.
1119,Meteor Shower,8,Class,MAGE,Fire Mage,,0,Your Blast Wave also calls down Meteor Shower on your current location. Increases damage and size of Meteor Shower by 10%.
1118,Meteor Strike,8,Class,MAGE,Fire Mage,,0,"After casting all three spells affected by Impact, Firestarter and Hot Streak, call down a Meteor. Increases damage and size of the Meteor by 10%. Multiplies proc chance of Impact by $1F1x."
889,Mirrored Defense,8,Class,MAGE,Mirror Images,,0,"Increases the amount of stamina, armor and resistances your Mirror Images get from you by 20%."
770,Optical Illusion,8,Class,MAGE,Mirror Images,,0,Your Mirror Images take $0f1% reduced damage for each active perk from this set.
1598,Shattered Lens,8,Class,MAGE,Mirror Images,,0,50% damage taken by your Mirror Images is taken by you instead. The damage you take from this is further reduced by 0%.
1114,Short Fuse,8,Class,MAGE,Fire Mage,,0,Living Bomb explosion radius is increased by 33% and explodes immediately. Living Bomb now has 10 seconds cooldown.
773,Slippery Slope,8,Class,MAGE,Mirror Images,,0,Your Mirror Images deal 20% more frost damage.
1115,Slow Burn,8,Class,MAGE,Fire Mage,,0,"Double the duration of Ignite, but all non-ignite damage is reduced by 30%."
1116,Spreading Flames,8,Class,MAGE,Fire Mage,,0,Enemy takes 5% more damage from your Ignite after each tick (up to 20%). When an enemy dies their remaining Ignite stack is transfered to the closest enemy within 20 yards.
1549,Backdraft,9,Class,WARLOCK,Shadowflame,,0,When you cancel Hellfire 30% of the stacks are stored for when you next activate Hellfire. Shadowburn applies a damage over time effect for 80% of the spell's damage over 15 seconds. $tb221f3Shadowflame: After Shadowflame has run its course you store its bonus effects and 70% of added damage. The next time you use Shadowburn this stored Shadowflame effect is applied on the target.
1550,Burning Soul,9,Class,WARLOCK,Shadowflame,,0,Half the damage you receive is reduced from your mana instead at a rate of $0f1x mana per point of damage. This effect is turned off when you fall below 10% mana. Conflagrate applies a damage over time effect for 80% of the spell's damage over 15 seconds. $tb221f3Shadowflame: Increases tick speed by 30%.
1436,Circle of the Damned,9,Class,WARLOCK,Reaper of Souls,,0,You can summon a circle that deals 10% of your spell power as shadow damage to enemies within it every second.
1547,Critical Mass,9,Class,WARLOCK,Shadowflame,,0,"Hellfire deals 10% more damage when it hits only one enemy. Chaos Bolt applies a damage over time effect for 80% of the spell's damage over 15 seconds. $tb221f3Shadowflame: Ticks deal 150% more damage, but increase delay between each tick by 100%."
323,Demonic Knowledge,9,Class,WARLOCK,Master Summoner,,0,Lord Jaraxxus deals $0f2% more damage for each talent spent in Demonology tree. Mana Feed talent affects Lord Jaraxxus.
326,Demonic Synergy,9,Class,WARLOCK,Master Summoner,,0,Increases the amount of stats Lord Jaraxxus and all his minions gain from you by 33%.
1544,Destructive Path,9,Class,WARLOCK,Shadowflame,,0,"While Hellfire is active your movement speed is increased by $0f2% for each tick of Hellfire that has passed. Searing Pain applies a damage over time effect for 80% of the spell's damage over 15 seconds. $tb221f3Shadowflame: If an enemy dies with Shadowflame on them, it will transfer to another enemy within 30 yards (or Immolate range whichever is higher)."
1548,Emberstorm,9,Class,WARLOCK,Shadowflame,,0,Hellfire deals 10% more damage if the enemy is also affected by your Immolate. Incinerate applies a damage over time effect for 80% of the spell's damage over 15 seconds. $tb221f3Shadowflame: Your destruction spells deal 10% more damage to an enemy for each different ability used to empower Shadowflame.
327,Empowered Demons,9,Class,WARLOCK,Master Summoner,,0,Lord Jaraxxus empowers your regular summoned demon to deal 50% more damage.
148,Improved Curses,9,Class,WARLOCK,Affliction Warlock,,0,"Curse of Agony deals 200% more damage. When Curse of Doom deals damage, it will also deal 50% of other shadow damage over time you dealt to the target during that time."
829,Improved Drain Life,9,Class,WARLOCK,Affliction Warlock,,0,"Drain Life ticks will cause the target to take $0f1% increased damage from your shadow damage over time effects for 20 seconds, stacks up to 5 times."
828,Improved Drain Mana,9,Class,WARLOCK,Affliction Warlock,,0,"Drain Mana ticks will extend your Warlock shadow damage over time effects on the target by $0f1 seconds, up to a maximum of 60 seconds."
830,Improved Drain Soul,9,Class,WARLOCK,Affliction Warlock,,0,Drain Soul ticks will cause your Warlock shadow damage over time effects to advance by $0F1 tick. Curse of Doom is advanced by $1f1 seconds instead.
149,Improved Drains,9,Class,WARLOCK,Affliction Warlock,,0,"Drain Soul, Drain Life and Drain Mana have 17% chance to tick an additional time. Increase damage of Unstable Affliction by 33%. Corruption duration is increased by 9 seconds."
325,Infernal Volcano,9,Class,WARLOCK,Master Summoner,,0,Lord Jaraxxus learns to use Infernal Volcano to summon a Felflame Infernal. Felflame Infernal deals 33% increased damage.
1545,Molten Skin,9,Class,WARLOCK,Shadowflame,,0,While Hellfire is active you take $0f2% reduced damage from enemies for each tick of Hellfire that has passed. Soul Fire applies a damage over time effect for 80% of the spell's damage over 15 seconds. $tb221f3Shadowflame: You take 15% reduced damage from this enemy.
1440,Mortal Eradication,9,Class,WARLOCK,Reaper of Souls,,0,"You can jinx an enemy to take shadow damage equal to 25% of your spell power every 2 seconds for 60 seconds. This ability stacks up to 5 times, but you take 20% less healing for each stack."
324,Nether Portal,9,Class,WARLOCK,Master Summoner,,0,Lord Jaraxxus learns to use Nether Portal to summon a Mistress of Pain. Mistress of Pain deals 33% increased damage.
1435,Soul Barrage,9,Class,WARLOCK,Reaper of Souls,,0,You can project a beam of energy that deals 35% of your spell power as shadow damage to all enemies in its path.
1439,Soul Mirror,9,Class,WARLOCK,Reaper of Souls,,0,"You can link two characters. If an enemy is linked, they take damage equal to 50% of the damage the other linked target took. If an ally is linked, they take healing equal to 50% of the healing the other linked target took."
1437,Soulstorm,9,Class,WARLOCK,Reaper of Souls,,0,You can summon a vortex that deals 35% of your spell power as shadow damage to all enemies within it every second for 10 seconds.
1441,Spirit Lash,9,Class,WARLOCK,Reaper of Souls,,0,Lash out at a nearby enemy for 30% of your spell power as shadow damage every 3 seconds.
1543,Tenebrous Reach,9,Class,WARLOCK,Shadowflame,,0,Increase radius of Hellfire by 1 yard. Shadowfury applies a damage over time effect for 80% of the spell's damage over 15 seconds. $tb221f3Shadowflame: Shadowflame ticks cause a shadow eruption for 10% of damage to all enemies within 8 yards.
1442,Threads of Despair,9,Class,WARLOCK,Reaper of Souls,,0,"You can jinx an enemy to take shadow damage equal to 6% of your spell power every 2 seconds for 12 seconds. This ability spreads to an additional enemy within 30 yards on each tick. When this spell expires, it deals its total damage again to all targets."
1546,Umbral Leech,9,Class,WARLOCK,Shadowflame,,0,You heal for $0f1% of your maximum health whenever you hit at least one enemy with Hellfire. Shadow Bolt applies a damage over time effect for 80% of the spell's damage over 15 seconds. $tb221f3Shadowflame: Ticks heal you for 3% of maximum health.
1438,Well of Souls,9,Class,WARLOCK,Reaper of Souls,,0,You can summon a portal that unleashes souls at nearby enemies for 35% of your spell power as shadow damage every second for 10 seconds.
1148,Ancestral Spirits,11,Class,DRUID,Balance Druid,,0,You summon a Wisp every 8 seconds that seeks out a nearby enemy and detonates for $0l+100% Arcane SP damage. • Eclipse (Solar): Casting Wrath reduces delay before next Wisp by half (once per cooldown). • Eclipse (Lunar): Casting Starfire reduces delay before next Wisp by half (once per cooldown).
213,Augmented Beast Form,11,Class,DRUID,Feral Druid,,0,• Bear Form: Increases ability damage by $0f2x of the highest dodge chance you have reached while in Bear Form. • Cat Form: Increases critical hit damage by $1f2x of the highest dodge chance you have reached while in Cat Form.
1145,Augmented Thorns,11,Class,DRUID,Balance Druid,,0,"Increases base damage of Thorns by $0f1% of your nature spell power when cast on yourself. You also apply Thorns damage when being attacked from range, or when avoiding the attack. • Eclipse (Solar): While in combat you deal Thorns damage to all enemies within 15 yards every 2 seconds. • Eclipse (Lunar): Your Thorns base damage is also increased by 2% of your arcane spell power."
1110,Beast Within,11,Class,DRUID,Feral Druid,,0,"• Bear Form: Increases damage of Lacerate, Mangle (Bear) and Swipe (Bear) by $0f2x of your melee haste. • Cat Form: Increases damage of Ferocious Bite, Claw and Swipe (Cat) by $1f2x of your melee haste."
1263,Bountiful Harvest,11,Class,DRUID,Restoration Druid,,0,"• Toxic Mushroom: Enemies poisoned by this plant deal 5% less damage. • Explosive Mushroom: Explosion deals 25% more damage if enemy had more than 50% health remaining. • Lightning Mushroom: If there are no valid enemies to attack, remove this plant and reduce remaining cooldown of all plants by $2f1 seconds. • Thorn Flayer: Thorn explodes after a short delay for an additional 10% damage to enemies within 10 yards."
1146,Celestial Impact,11,Class,DRUID,Balance Druid,,0,Increases damage of Starfall by 10% and reduces cooldown by 30 seconds. • Eclipse (Solar): Direct damage of Starfall is increased by 50%. • Eclipse (Lunar): Starfall hits also cause an explosion of arcane energy.
1147,Celestial Wrath,11,Class,DRUID,Balance Druid,,0,"You bring down one star of Starfall every $0f1 seconds, modified by your casting speed. • Eclipse (Solar): Stars created this way have 50% increased direct damage. • Eclipse (Lunar): Reduce delay of perk by 33%."
1262,Cultivation,11,Class,DRUID,Restoration Druid,,0,• Toxic Mushroom: Enemies poisoned by this plant take 10% more nature damage from you. • Explosive Mushroom: Explosion deals 10% more damage and does not remove the plant (once). • Lightning Mushroom: Increase speed of summoning this plant by 33%. • Thorn Flayer: 33% chance to shoot another thorn.
1264,Gift of Nature,11,Class,DRUID,Restoration Druid,,0,"• Toxic Mushroom: Increase duration of poison by 3 seconds (damage is increased proportionally). • Explosive Mushroom: Explosion deals 25% more damage if it's the first time that enemy is hit by your Explosive Mushroom. • Lightning Mushroom: Increase range by 1 yard. • Thorn Flayer: Instead of clearing all stored damage after shooting a thorn, keep 25% for the next thorn."
212,Improved Beast Form,11,Class,DRUID,Feral Druid,,0,• Bear Form: Your damage taken is reduced by $0f1%. • Cat Form: Your damage done is increased by $1f1%.
210,Improved Berserk,11,Class,DRUID,Feral Druid,,0,While Berserk is active you take 6% less damage and deal 15% more damage.
211,Improved Faerie Fire,11,Class,DRUID,Feral Druid,,0,Faerie Fire (Feral) does 200% more damage and generates 10 energy or rage. Removes global cooldown from Faerie Fire (Feral).
209,Improved Lacerate & Rake,11,Class,DRUID,Feral Druid,,0,• Bear Form: Each stack of Lacerate on enemy reduces their damage done and increases damage taken by $0f1%. Damage over time of Lacerate is increased by 33%. • Cat Form: Rake can critically hit and restores 5 energy when it does.
1144,Improved Thorns,11,Class,DRUID,Balance Druid,,0,Increases total damage of Thorns by 33% when cast on yourself. Thorns can critically hit. • Eclipse (Solar): Whenever you deal nature damage you have 100% chance to apply Thorns damage ($2F1 seconds cooldown per target). • Eclipse (Lunar): Whenever you deal arcane damage you have 100% chance to apply Thorns damage ($2F1 seconds cooldown per target).
1149,Improved Typhoon,11,Class,DRUID,Balance Druid,,0,"Increases damage of Typhoon and Hurricane by 50%, and reduces cooldown by 7 seconds. Increases area of Hurricane by 50%. Typhoon also causes a free Hurricane at the first target hit, but you can no longer cast Hurricane manually. • Eclipse (Solar): Increases damage of Hurricane by 50%. • Eclipse (Lunar): Hurricane hits have 20% chance to cast a free Starfire."
1563,Master of Efficiency,11,Class,DRUID,Sage,,0,Pick one ability. Reduce cost of this ability by 10%.
1562,Master of Expansion,11,Class,DRUID,Sage,,0,Pick one ability. Increase radius of this ability by 1 yard.
1565,Master of Expediency,11,Class,DRUID,Sage,,0,Pick one ability. Increase speed of this ability's periodic ticks by 10%.
1564,Master of Longevity,11,Class,DRUID,Sage,,0,Pick one ability. Increase duration of this ability by 10%.
1567,Master of Overload,11,Class,DRUID,Sage,,0,"Pick one ability. Remove cast time of this ability, but the cooldown is increased by 30 seconds."
1568,Master of Perfection,11,Class,DRUID,Sage,,0,Pick one ability. Increases the effect of this ability by 1.
1561,Master of Precision,11,Class,DRUID,Sage,,0,Pick one ability. Increase range of this ability by 1 yard.
1566,Master of Recovery,11,Class,DRUID,Sage,,0,Pick one ability. Reduce cooldown of this ability by 10%.
1265,Natural Perfection,11,Class,DRUID,Restoration Druid,,0,"• Toxic Mushroom: Enemies poisoned by this plant take 5% more damage from all sources. • Explosive Mushroom: Explosion deals 33% more damage, this bonus is split among all enemies hit by the explosion. • Lightning Mushroom: Whenever this plant kills an enemy you gain 10% bonus movement speed. Stacks up to 1 time. • Thorn Flayer: Increases damage by 10%. Whenever this plant is created your Nature's Swiftness ability has no cooldown for the next 10 seconds."
1142,Nature's Alacrity,11,Class,DRUID,Balance Druid,,0,Increase damage of Insect Swarm and Moonfire by 25%. • Eclipse (Solar): Your Insect Swarm ticks 100% faster without modifying total duration. • Eclipse (Lunar): Your Moonfire ticks 100% faster without modifying total duration.
1143,Nature's Tenacity,11,Class,DRUID,Balance Druid,,0,Increase damage of Insect Swarm and Moonfire by 100%. • Eclipse (Solar): Your Insect Swarm's ticks cause it to spread to another unaffected enemy within 15 yards. • Eclipse (Lunar): Your Moonfire's ticks cause it to spread to another unaffected enemy within 15 yards.
1259,Plant: Explosive Mushroom,11,Class,DRUID,Restoration Druid,,0,Plant an Explosive Mushroom. When fully grown deal 10% of healing over time received from you as nature damage to all enemies within 20 yards. You can only have one active Explosive Mushroom at a time.
1260,Plant: Lightning Mushroom,11,Class,DRUID,Restoration Druid,,0,"Plant a Lightning Mushroom. Whenever your healing over time effects tick on this mushroom shock a random nearby enemy within 30 yards for 15% of that amount as nature damage. This can not happen more often than once every 1 seconds, but the damage is stored. You can only have one active Lightning Mushroom at a time."
1261,Plant: Thorn Flayer,11,Class,DRUID,Restoration Druid,,0,Plant a Thorn Flayer. This shoots a thorn at a nearby enemy within 30 yards every 3 seconds. Thorn deals 6% of healing over time received from you as nature damage. You can only have one active Thorn Flayer at a time.
1258,Plant: Toxic Mushroom,11,Class,DRUID,Restoration Druid,,0,Plant a Toxic Mushroom. When fully grown deal 50% of healing over time received from you as poison damage to all enemies within 20 yards over 15 seconds. You can only have one active Toxic Mushroom at a time.
1384,Rip and Tear,11,Class,DRUID,Feral Druid,,0,• Bear Form: Swipe spreads Lacerate to nearby enemies and causes your melee Bear abilities to hit all nearby enemies for $0f1 seconds. • Cat Form: Swipe spreads Rake and Rip to nearby enemies and causes regular melee hits to hit all nearby enemies for $1f1 seconds.
86,Ambivalence,15,Offensive,ALL,,,1,"Your damage is increased by 50% for $2f1 seconds, after that your damage is reduced by 33% for $3f1 seconds."
18,Arcane Dynamo,15,Offensive,ALL,,,0,Increases arcane damage dealt by 10%.
862,Ardor,15,Offensive,ALL,Overhealed,,0,"40% of self overhealing is stored (up to $0h+500% SP). Next time you manually use a direct damage ability or when reaching maximum amount stored, apply a shadow damage over time effect on the target for that amount."
117,Attention,15,Offensive,ALL,,,0,Increases damage done by $0f1% for each enemy focusing on you within 10 yards (up to 6 enemies).
64,Brutality,15,Offensive,ALL,,,0,Your regular melee hits cause the enemy to bleed for $0l+$2f1% AP after 3 seconds.
56,Command,15,Offensive,ALL,,,0,Increases damage of your pets by 25%.
225,Cycle,15,Offensive,ALL,,,0,"Every 5 seconds, the next direct damage ability you use has 33% increased damage. This bonus is doubled while stealthed or invisible and for 3 seconds after."
73,Darkness,15,Offensive,ALL,,,0,Increases shadow damage done by 10%.
114,Dissipation,15,Offensive,ALL,,,0,"Your damage is increased for each per cent of base mana you spent over the last 10 seconds. This is capped at 300% base mana spent, giving you a maximum damage bonus of 17%."
3,Double Strike,15,Offensive,ALL,,,0,Your regular melee hits have 20% chance to strike twice.
188,Dual Wielding,15,Offensive,ALL,,,0,Your regular off-hand melee hits have 25% chance to strike twice. Increases melee off-hand damage by 17%. Removes hit chance penalty when dual wielding.
1,Excess,15,Offensive,ALL,,,0,Increases damage done based on your remaining per-cent of resource. At full resource you deal 10% increased damage.
79,Extension,15,Offensive,ALL,,,0,Your abilities deal $0f2% more damage for each yard of maximum range on the ability (up to 41 yards).
6,Ferocity,15,Offensive,ALL,,,0,Increases damage done by $0f2x of your parry chance. You can no longer parry.
861,Fervor,15,Offensive,ALL,Overhealed,,0,Every 2 seconds you deal nature damage to an enemy within 40 yards. Damage is equal to 10% of your self overhealing within that time period.
77,Frostbite,15,Offensive,ALL,,,0,Increases frost damage done by 10%.
105,Frostfire,15,Offensive,ALL,,,0,Your regular melee hits with your main hand weapon have a chance to blast the target with $0l+11% AP fire or frost damage.
76,Incineration,15,Offensive,ALL,,,0,Increases fire damage done by 10%.
120,Inspiration,15,Offensive,ALL,,,1,"Increases damage done by $0f1% for 10 seconds when you generate resources, stacks up to 4 times."
32,Intensity,15,Offensive,ALL,Overhealed,,0,Overhealing yourself will damage all enemies within 15 yards by 6% of the amount as holy damage.
82,Lethality,15,Offensive,ALL,,,0,Adding a combo point while you are already at maximum combo points increases the damage of your next combo spender by 10%. Stacks up to 5 times.
7,Master,15,Offensive,ALL,,,0,Increases damage of your pets by 50%. Reduces your damage by 50%.
19,Opportunity,15,Offensive,ALL,,,0,Damage done is increased by 20% while stealthed or invisible and for 3 seconds after.
112,Outburst,15,Offensive,ALL,,,0,Increases area of effect damage by 20%. You cause 35% more threat.
1081,Overheating,15,Offensive,ALL,Wandslinger,,0,"You deal 1% more damage and healing with wands for each time you cast with a wand, but there is 1% chance per stack to misfire and cast the spell at a random target instead. Stacks up to 100 times and resets when exiting combat."
189,Physical Attunement,15,Offensive,ALL,,,0,Increases physical damage done by 10%.
85,Polarity,15,Offensive,ALL,,,1,While above 50% health you deal 10% more damage and take 15% more damage. While below 50% health you deal 10% less damage and take 6% less damage.
1083,Polymath,15,Offensive,ALL,Wandslinger,,0,You deal 1% more damage and healing with wands for each different spell or ability you have cast from a wand in the last 30 seconds.
59,Precision,15,Offensive,ALL,,,0,Increases damage dealt with critical strikes by 15%.
28,Preparation,15,Offensive,ALL,,,0,Damage done is increased by 17%. You lose this effect after 10 seconds in combat.
29,Prism,15,Offensive,ALL,,,0,Increases direct damage with each non-physical element by 20% when you manually use an ability. This bonus is lost when it happens and is regained gradually over 5 seconds. This bonus and the timer applies to each element separately.
42,Rage,15,Offensive,ALL,,,0,Increases damage done while enraged by 15%. Increases damage taken while enraged by 15%.
75,Remorse,15,Offensive,ALL,,,0,Increases holy damage done by 10%.
5,Savagery,15,Offensive,ALL,,,0,Increases damage done by $0f2x of your dodge chance. You can no longer dodge.
33,Serrations,15,Offensive,ALL,,,0,Increases bleeding damage done by 33%.
92,Shocks,15,Offensive,ALL,,,0,"Whenever you deal damage you will strike the enemy with lightning, dealing $0l+17% SP nature damage. This has 3 seconds cooldown per enemy."
1354,Steadfast,15,Offensive,ALL,,,1,"Your attuned haste rating no longer has any effect on attack speed or cast speed. Increases damage done by $0f2x of the total per-cent of your haste rating. This counts your own haste rating only, even for pets."
74,Untamed Growth,15,Offensive,ALL,,,0,Increases nature damage done by 10%.
226,Vengeance,15,Offensive,ALL,,,1,"After taking at least 20% of your total health in damage, you deal 15% more damage for 10 seconds."
1082,Wand Mastery,15,Offensive,ALL,Wandslinger,,0,Increases damage and healing with wands by 50%.
87,Adaptation,16,Defensive,ALL,,,1,When you take damage from a non-physical element your damage taken from this element is reduced by 15% for 10 seconds. Damage taken from any non-physical element you haven't adapted to is increased by 15%.
2,Aegis,16,Defensive,ALL,,,0,You take $0f1% reduced damage from melee attacks while wearing a shield.
905,Augmented Barriers,16,Defensive,ALL,,,0,Increases effectiveness of absorb shields you create on yourself by 30%. You can not be critically hit with melee hits while you have an absorb shield.
903,Benefactor,16,Defensive,ALL,,,0,Increases self-healing by 17%. This bonus is disabled for 30 seconds if you perform a melee hit.
132,Bulwark,16,Defensive,ALL,,,0,Damage that is greater than 90% of maximum health is reduced to 90% of your maximum health. The amount reduced by this perk can't exceed 50%. This effect is applied last.
72,Concentration,16,Defensive,ALL,,,0,Increases effectiveness of absorb shields on you by 45%. You take 100% increased damage while you have no absorb shields.
899,Elemental Shielding,16,Defensive,ALL,,,0,"Increases effectiveness of Mana Shield by 150% and Ice Barrier by 100%. Increases duration of Mana Shield to 5 minutes, and reduces the mana lost per point of damage taken by 56%."
897,Focused Casting,16,Defensive,ALL,,,0,"Reduces damage taken by 10% while casting or channeling a spell, and for 3 seconds after. Instant cast spells do not trigger this bonus. You are immune to most effects that would delay, interrupt or silence your spell casting."
922,Free Will,16,Defensive,ALL,,,1,"When you are affected by Stun, Fear, Sleep, Charm, Blind, Root, Banish or Polymorph, you remove the effect and become immune to that mechanic for $1f1 seconds. This has a cooldown of 10 seconds for each mechanic. Reduces the duration of Snare, Silence and Interrupt mechanics on you by 17%."
12,Handler,16,Defensive,ALL,,,0,Reduces damage taken by your pets by 30%.
27,Hardening,16,Defensive,ALL,,,1,"After taking damage you get 2% damage reduction, stacks up to 1 time. Exiting combat removes all stacks. Gaining a stack has one second cooldown."
1398,Healing Stream,16,Defensive,ALL,,,0,Your water totem also casts Lesser Healing Wave on you every 5 seconds. The cooldown of this effect is reduced by $1f2x of your spell casting speed.
99,Hindsight,16,Defensive,ALL,,,0,After you take a hit that is at least 10% of your maximum health you create an absorb shield with amount equal to 30% of that damage. This has a duration and cooldown of 10 seconds. The shield can not exceed 50% of your maximum health.
1421,Improved Divine Storm,16,Defensive,ALL,Retribution Paladin,,0,Divine Storm now repeats its healing every second for 10 seconds at $0f2x the original amount.
968,Improved Victory Rush,16,Defensive,ALL,,,0,Victory Rush restores 25% of maximum health over 16 seconds. Victory Rush can be used in any stance. Increase all healing based on per-cent of maximum health by 100%.
91,Independence,16,Defensive,ALL,,,1,Reduces damage taken by 10%. This effect is lost when someone else heals you. You will regain this effect gradually over 20 seconds.
24,Initiative,16,Defensive,ALL,,,0,Damage taken is reduced by 20% while stealthed or invisible and for 3 seconds after.
30,Intangible,16,Defensive,ALL,,,0,Reduces damage taken by $0f1%. Reduces damage done by 10%.
78,Mana Absorption,16,Defensive,ALL,,,0,"When casting spells, 20% of base mana cost is used to create a damage absorb shield on yourself. This amount is further increased by spell power with diminishing returns. Total amount can not exceed 16% of your maximum health."
942,Natural Trance,16,Defensive,ALL,Revitalization,,0,You regenerate $0f1% of missing health per second for 3 seconds whenever you take direct damage from an enemy. This can only happen once every 3 seconds.
941,Reanimation,16,Defensive,ALL,Revitalization,,0,"When you fall below 50% health, you start to regenerate $0f1% of missing health every second until you are at full health."
9,Recovery,16,Defensive,ALL,,,1,Damage dealt to you is healed back over $0f1 seconds.
61,Regeneration,16,Defensive,ALL,Revitalization,,0,Regenerates $0f1% of missing health per second.
907,Regenerative Shielding,16,Defensive,ALL,,,0,"When you cast an absorb shield on yourself, it regenerates $0f1% of its total absorb amount every 2 seconds, and has 50% increased duration."
71,Stubborn,16,Defensive,ALL,,,0,Reduces damage taken by $0f1%. Reduces healing taken by 80%.
13,Thick Hide,16,Defensive,ALL,,,0,Reduces damage taken by $0f1%.
62,Vampire,16,Defensive,ALL,,,0,Heal yourself for $0h+$2f2% MaxHP when you deal direct damage. This effect can not occur more than once every 3 seconds.
17,Vitality,16,Defensive,ALL,,,0,You take 10% more healing from all sources.
901,Void Sacrifice,16,Defensive,ALL,,,0,"Your Voidwalker's Sacrifice ability absorbs 200% more, lasts forever and is affected by your shadow spell power. Sacrifice kills Voidwalker. If you lose the shield and have no pet, the Voidwalker is resurrected. You will also lose the shield if you have a pet."
1356,Ardent Protector,17,Support,ALL,,,0,"While you are topmost in the threat list of an enemy, your other party members take 5% less damage from that enemy."
95,Blessings,17,Support,ALL,,,0,Increases the duration of all beneficial non-periodic ability effects you create on others by $0f1%.
334,Coherence,17,Support,ALL,,,1,A beneficial ability effect created by you can't lose a charge more often than once every $0f1 second.
45,Deficiency,17,Support,ALL,,,0,Enemy takes $0f1% increased damage for 5 seconds after you block an attack from them.
83,Guidance,17,Support,ALL,,,0,$0f1% of your overhealing is redirected to a nearby wounded ally.
16,Impatience,17,Support,ALL,,,0,Increases the speed of your periodic beneficial ability effects by $0f1%.
80,Martyrdom,17,Support,ALL,,,0,Increases healing done to others by 10%. Reduces damage done by 20%. You take shadow damage equal to 10% of healing done to others.
1357,Menacing Presence,17,Support,ALL,,,0,Increases all threat done by 100%.
985,Mockery,17,Support,ALL,,,0,Increases threat done by 30% for 10 seconds after using an ability with taunt effect.
11,Prevention,17,Support,ALL,,,1,"Your overhealing is saved on the target for $0f1 seconds, when they fall below 90% health they will be healed for that amount."
194,Redirection,17,Support,ALL,,,0,Your pet will redirect a harmful spell casted at you or a nearby party member to itself. This has 40 seconds cooldown per ally.
81,Sacrifice,17,Support,ALL,,,0,"When you have taken damage from enemies in the last 30 seconds that is at least 200% of your total health, you heal all other nearby allies for 20% of your total health."
15,Thousand Bandaids,17,Support,ALL,,,1,Healing someone increases their healing taken by $1F1% for 20 seconds. This stacks up to 10 times.
14,Thousand Cuts,17,Support,ALL,,,1,Dealing damage increases enemy damage taken by $1F1% for 20 seconds. This stacks up to 10 times.
4,Warding,17,Support,ALL,,,1,All damage shields created by you absorb 10% increased amount before expiring. Any overhealing caused by you will also heal damage shields created by you at 10% effectiveness.
976,Annoy-o-Tron,18,Utility,ALL,,,0,You can summon an Annoy-o-Tron for 10 seconds. This will annoy all idle enemies within 30 yards.
10,Attunement,18,Utility,ALL,,,1,Increases the duration of all beneficial non-periodic ability effects you create on yourself by 10%.
98,Augmentation,18,Utility,ALL,,,0,"Your beneficial non-periodic ability effects that have a base duration of 10 seconds or less, have their duration increased by $0f1 second. This effect is applied after all other effects that modify duration."
1138,Bane,18,Utility,ALL,,,0,"You can cast Curses on friendly targets, if you do it will apply a Bane that has the reversed effects of the Curse. You learn Curse of Exhaustion which has $1F1x effectiveness when cast on a friendly target. Curse of Tongues effect is reduced by 66% when cast on friendly targets. Increases duration of Curses when cast on yourself by 10 seconds. If you have maximum rank of this perk then curses are infinite when cast on yourself."
26,Caution,18,Utility,ALL,,,1,Reduces enemy aggro radius against you by 10%.
1131,Concussive Trap,18,Utility,ALL,,,0,Learn how to place a concussive trap that sends all nearby allies flying through the air. Increases effectiveness of trap by 0%. You can use Disengage while out of combat.
65,Deception,18,Utility,ALL,,,0,"Perk effects that require you to have been recently stealthed or invisible, have 17% increased duration."
1011,Dreamwalking,18,Utility,ALL,,,0,"Learn how to Dreamwalk: this will put you to sleep and allow your spirit to move freely for 10 seconds, after which you will wake up at the new location. Increases movement speed of spirit by 15%. Spirit can move through most doors."
912,Fel Pact,18,Utility,ALL,,,0,Your Healthstone also heals you for an additional 5% of your maximum health. Your Demonic Circle: Summon lasts forever. Your Demonic Circle: Teleport has infinite range and swaps places with your previous location when you teleport to it.
917,Flying,18,Utility,ALL,,,0,Learn a spell that allows the target to fly. Your flying speed is increased by 10%.
1386,Free Running,18,Utility,ALL,,,0,Increases jump height by 20%. If you hit a wall while holding jump you grab onto it. Release jump to push yourself away from the wall in opposite direction. You can jump an additional 1 time while in the air. Movement over small obstacles is easier. You can't die from falling damage.
974,Improved Hand of Freedom,18,Utility,ALL,,,0,Hand of Freedom also increases movement speed of target by 10%. Increases duration of Hand of Freedom by 5 seconds. If you cast Hand of Freedom on yourself it's permanent if you have max rank of this perk and Guardian's Favor talent.
1495,Juggernaut,18,Utility,ALL,,,0,You learn a new ability to charge in a straight line until you hit something or until $0f1 seconds has passed. Hitting something stuns you briefly. If you stop charging for any other reason you may get tired.
966,Killer Instinct,18,Utility,ALL,,,0,Activate all talents and effects that require you to have killed an enemy that yields experience or honor. This happens every 30 seconds.
1301,Lone Wolf,18,Utility,ALL,,,0,"If you have no active pet, then increase your damage done by $0f1% and reduce damage taken by $1f1%."
119,Opulence,18,Utility,ALL,,,1,"You generate $0f1% base mana, 2 energy, $3f1 rage or 2 runic power every 3 seconds while in combat."
110,Prosperity,18,Utility,ALL,,,0,All beneficial ability effects created by you have $0f1% chance to not use a charge when they are supposed to.
48,Scouting,18,Utility,ALL,,,1,Increases movement speed by 10% when out of combat for at least 3 seconds.
1170,Shadow Reach,18,Utility,ALL,Frost / Unholy DK,,1,Learn an ability to pull yourself forward. The cooldown starts after you land or use the ability 6 times. Cooldown length is based on amount of pulls. Increases strength of pull by 0%.
1429,Soul Remedy,18,Utility,ALL,,,0,While Weakened Soul is active on yourself you have 15% increased movement speed. This effect does not stack with other talents and abilities that increase movement speed. If this perk is at maximum rank this effect is permanent.
88,Subtlety,18,Utility,ALL,,,0,Ability costs are reduced by 17% while stealthed or invisible and for 3 seconds after.
964,Summon Wave,18,Utility,ALL,,,0,You gain the ability to propel yourself forward with a wave of water. Increases the power of the wave by 17% and create 1 wave.
476,Teleportation,18,Utility,ALL,,,0,Learn a targeted teleportation spell. Range is 40 yards.
1445,Void Portal,18,Utility,ALL,,,0,"You learn to summon a portal that leads to target location within your line of sight. Cast time is based on distance traveled and your movement speed, plus an additional 10 seconds."
66,Zeal,18,Utility,ALL,,,0,When you fall below 20% resources you will generate another 20%. This can only happen once after reaching full resources.
1703,Attune Bar,19,Misc,ALL,,,1,You have access to 1 separate attune slot. Placing an item in this slot will attune the item as if it was equipped. Items in attune slots always get experience before equipped items. Once you have unlocked this perk enable the Attune Bar from Interface -> Addons -> Attune Bar.
1717,Automatic Accept Quest,19,Misc,ALL,,,1,Automatically accept nearby quests that are in Item Tracker. This requires Item Tracker to be enabled and for you to be near a quest giver that would allow you to start a quest that is currently listed in Item Tracker.
1042,Automatic Bank,19,Misc,ALL,,,1,Enabling this lets you send looted resources to bank immediately. This only works if you have this stackable item already in bank and the stack has enough space for it. It will not create new stacks! If no space in bank then the item is looted the normal way instead. Enable which bank tabs are affected below.
1172,Automatic Buffs,19,Misc,ALL,Classes,,1,Defeat Icecrown Citadel 25-man heroic dungeon challenge with a class to unlock ability to automatically cast buffs from that class when out of combat.
1692,Automatic Complete Quest,19,Misc,ALL,,,1,"For every 100 ($g0) quests completed on a character, you get 1 Quest Auto-Complete token. When consumed the next quest you turn in will be marked as auto-complete on your account permanently."
855,Automatic Fishing,19,Misc,ALL,,,1,"Automatically click on the bobber, loot, and restart fishing."
1277,Automatic Mount,19,Misc,ALL,,,0,"Automatically use your last mount when possible. If you manually dismount, then it's disabled until you manually mount again. Does not try to mount if shapeshifted or stealthed."
996,Automatic Next Melee,19,Misc,ALL,,,1,"Automatically keep reusing ""Next melee"" abilities while possible. For example press Heroic Strike once, and then it keeps using it until you can no longer use it and stops."
1602,Automatic Shapeshift,19,Misc,ALL,,,0,Automatically reapply your last manually used non-travel shapeshift if no shapeshift is active.
821,Automatic Totems,19,Misc,SHAMAN,,,0,"Automatically use the last totem call ability when entering combat. You need to have used a totem call ability at least once while this perk is active, or it won't work."
880,Balance: Death Knight,19,Misc,DEATHKNIGHT,,,1,List of balance changes for Death Knight: You can't heal more than 2000*(1+AP/5200) per second with Blood Presence.
884,Balance: Druid,19,Misc,DRUID,,,0,"List of balance changes for Druid: Rage generation reworked: damage does not affect rage, successful auto attacks generate rage, getting hit does not generate rage. Primal Fury talent rage portion can only trigger once every 3 seconds. Feral Swiftness talent's movement speed bonus works in any form (also without form). Moonkin Form mana regain is capped at 2% of 5x base mana."
877,Balance: Hunter,19,Misc,HUNTER,,,0,List of balance changes for Hunter: When you tame pet it will always be at least your level.
882,Balance: Mage,19,Misc,MAGE,,,0,"List of balance changes for Mage: Incanter's Absoption talent is limited to 10% of your total Spell Power or 1000, whichever is highest."
876,Balance: Paladin,19,Misc,PALADIN,,,0,"List of balance changes for Paladin: Blessing of Sanctuary has 1 second internal cooldown. Hand of Freedom can be casted while mounted. Divine Storm cooldown can not be reset more often than once per second, and base healing can not exceed 33% of target's maximum health. Sacred Shield has infinite duration when cast on yourself."
879,Balance: Priest,19,Misc,PRIEST,,,0,List of balance changes for Priest: You can't heal more than 1500*(1+SP/3000) per second with Vampiric Embrace. Improved Vampiric Embrace talent increases this cap as well. Vampiric Embrace does not heal allies at all. Devouring Plague can not heal for more than 20% of your maximum health.
878,Balance: Rogue,19,Misc,ROGUE,,,0,List of balance changes for Rogue: Focused Attacks talent gives total energy after 2 seconds (to avoid spam). Lockboxes are automatically opened when looted and auto-loot can loot from locked chests.
883,Balance: Warlock,19,Misc,WARLOCK,,,0,"List of balance changes for Warlock: You can't heal more than 3000*(1+SP/3000) per second with Fel Synergy, Siphon Life or Soul Leech. You can use Ritual of Summoning alone."
875,Balance: Warrior,19,Misc,WARRIOR,,,0,"List of balance changes for Warrior: Rage generation reworked: damage does not affect rage, successful auto attacks generate rage, getting hit does not generate rage. Bloodthirst healing has internal cooldown of 0.5 seconds."
1179,Buffs: Death Knight,19,Misc,ALL,,,1,
1183,Buffs: Druid,19,Misc,ALL,,,1,
1176,Buffs: Hunter,19,Misc,ALL,,,1,
1181,Buffs: Mage,19,Misc,ALL,,,1,
1175,Buffs: Paladin,19,Misc,ALL,,,1,
1178,Buffs: Priest,19,Misc,ALL,,,1,
1177,Buffs: Rogue,19,Misc,ALL,,,1,
1180,Buffs: Shaman,19,Misc,ALL,,,1,
1182,Buffs: Warlock,19,Misc,ALL,,,1,
1174,Buffs: Warrior,19,Misc,ALL,,,1,
920,Combustion Indicator,19,Misc,MAGE,,,0,Shows how many procs of combustion you have left.
1715,Currency Drop Bonus,19,Misc,ALL,,,1,"Increases the rate at which you gain currency by $g1%. Gold, Arena Points, Honor Points, Armor Tokens or any non-stackable item do not count as currency."
947,Disable Item Attune,19,Misc,ALL,,,0,Temporarily disable all stats from item attunement.
1157,Disable Item Refund,19,Misc,ALL,,,1,"Refundable items can now roll as Forged, but can no longer be refunded once you buy them from vendor."
909,Dungeon Event Speedup,19,Misc,ALL,,,1,"Speeds up events in dungeons where you have completed dungeon challenge and have the speed buff. For example portals in Violet Hold, or talking in Pit of Saron."
1141,Extra Racial Skill,19,Misc,ALL,,,1,Choose one extra racial skill to learn:
806,Instant Windrider,19,Misc,ALL,,,1,"Windrider flight is instant, but costs 5x the shown amount."
778,Less Annoying Buffs,19,Misc,ALL,,,1,"Increases duration of Warrior shouts, Rogue Hunger for Blood, Warlock Glyph of Life Tap and Death Knight horn."
800,Minimum Class Perk Level,19,Misc,ALL,,,1,All your unlocked class perks are at least level 3.
797,Minimum Defensive Perk Level,19,Misc,ALL,,,1,All your unlocked defensive perks are at least level 3.
796,Minimum Offensive Perk Level,19,Misc,ALL,,,1,All your unlocked offensive perks are at least level 3.
798,Minimum Support Perk Level,19,Misc,ALL,,,1,All your unlocked support perks are at least level 3.
799,Minimum Utility Perk Level,19,Misc,ALL,,,1,All your unlocked utility perks are at least level 3.
1112,Misc Options,19,Misc,ALL,,,1,This contains a few miscellaneous options.
1383,Mythic Penalty,19,Misc,ALL,,,0,"This perk allows you to have Mythic difficulty penalty outside of Mythic dungeons. There should be no need to enable this, unless you want to test what your damage would be in Mythic dungeon while at a target dummy."
1276,No Exalted Lock,19,Misc,ALL,,,0,"Usually when you reach exalted reputation with a faction, there is a lock that prevents you from falling below exalted reputation. If you enable this perk then this lock is disabled and you can lose reputation again below exalted."
1694,Notify on Forged Drop,19,Misc,ALL,,,1,Notify you in chat when a forged item drops. See options below.
1500,Prestige: Attune Mastery,19,Misc,ALL,,,1,You can attune items while they are in your inventory at $g3% effectiveness. You can attune wrong type non-soulbound items (they are still inactive once attuned). Your equipped items or items in Attune Bar attune $g3% faster.
1491,Prestige: Dual Class,19,Misc,ALL,,,1,"You can create characters that have two classes at same time. If you create character with two different armor types, then each armor type attunes for 10% instead of the normal 20%."
1493,Prestige: Loot BoE,19,Misc,ALL,,,1,"Whenever a random bind-on-equip item drops, there is a chance that the most relevant item to you is chosen instead. This also applies to the random affix of the item if it has one. This bonus is disabled when in party. Your current bonus is $g3% chance to drop relevant items instead of randomly chosen loot."
1492,Prestige: Loot BoP,19,Misc,ALL,,,1,"Whenever a random bind-on-pickup item drops, there is a chance that the most relevant item to your current character is chosen instead. This bonus is disabled when in party. Your current bonus is $g3% chance to drop relevant items instead of randomly chosen loot."
1557,Prestige: Loot Chance,19,Misc,ALL,,,1,"If loot item (or a group of items) is calculated and it has lower than 100% chance to drop, then you have $g3% chance to try roll for it again. This does not apply to most boss loot which has guaranteed X items."
1494,Prestige: Loot Forging,19,Misc,ALL,,,1,"Whenever an item drops, there is higher than normal chance for it to be forged. This bonus is disabled while in party. Your current bonus is $g3% increased chance to forge (multiplicative with original chance)."
758,Scan for Rare Enemy,19,Misc,ALL,,,1,Warn when a Rare enemy is nearby.
759,Tracking,19,Misc,ALL,,,1,Track minerals or herbs (or both).
816,Weapon Enchant Durations,19,Misc,ALL,,,1,Temporary weapon enchants are periodically refreshed.
